name,gender,img_url
John Doe,M,M/0.jpg
David Smith,M,M/1.jpg
Michael Johnson,M,M/10.jpg
Christopher Williams,M,M/11.jpg
Matthew Brown,M,M/12.jpg
James Jones,M,M/13.jpg
Joseph Miller,M,M/14.jpg
William Davis,M,M/15.jpg
George Garcia,M,M/16.jpg
Richard Rodriguez,M,M/17.jpg
Thomas Wilson,M,M/18.jpg
Andrew Martinez,M,M/19.jpg
Liam Patel,M,M/2.jpg
Ethan Nguyen,M,M/20.jpg
Noah Ali,M,M/21.jpg
Benjamin Kim,M,M/22.jpg
Lucas Carter,M,M/23.jpg
Mason Zhang,M,M/3.jpg
Elijah Thompson,M,M/4.jpg
Alexander Evans,M,M/5.jpg
Henry Scott,M,M/6.jpg
Daniel Rivera,M,M/7.jpg
Jackson Moore,M,M/8.jpg
Logan Phillips,M,M/9.jpg
Emily Smith,F,F/0.jpg
Jessica Johnson,F,F/1.jpg
Sarah Williams,F,F/10.jpg
Ashley Brown,F,F/11.jpg
Megan Jones,F,F/12.jpg
Amanda Garcia,F,F/13.jpg
Hannah Miller,F,F/14.jpg
Jessica Davis,F,F/15.jpg
Sophia Rodriguez,F,F/16.jpg
Isabella Martinez,F,F/17.jpg
Olivia Hernandez,F,F/18.jpg
Ava Lopez,F,F/19.jpg
Mia Patel,F,F/2.jpg
Chloe Nguyen,F,F/20.jpg
Grace Ali,F,F/21.jpg
Zoe Kim,F,F/22.jpg
Lily Carter,F,F/23.jpg
Ella Zhang,F,F/3.jpg
Natalie Thompson,F,F/4.jpg
Victoria Evans,F,F/5.jpg
Ariana Scott,F,F/6.jpg
Aria Rivera,F,F/7.jpg
Layla Moore,F,F/8.jpg
Savannah Phillips,F,F/9.jpg
