brand,brand_encoded
!it Jeans,0
'47 Brand,1
007Lingerie,2
106Shades,3
12XLShop Inc.,4
180s,5
1826,6
1vemoon,7
2(x)ist,8
2117 of Sweden,9
2EROS,10
2XU,11
2b by bebe,12
4-rth,13
5.11,14
525 America,15
555 Turnpike,16
55DSL,17
626 BLUE,18
66 North,19
686,20
7 Diamonds,21
7 For All Mankind,22
A Christmas Story,23
A Pea in the Pod,24
A-Line,25
A. Byer,26
A.B.S. by Allen Schwartz,27
A:X Armani Exchange,28
ACORN,29
ADVADRI,30
AG Adriano Goldschmied,31
AGB,32
AJs,33
ALL BLACK,34
AN1225,35
ANS,36
ANSAI,37
ARROW,38
ASICS,39
Abercrombie & Fitch,40
Abini,41
Acne,42
Active Products,43
Activewear Apparel,44
Acura,45
Adriana,46
Adrianna Papell,47
Adventure Time,48
Aegean,49
Aero Tech Designs,50
Aeropostale,51
Aerosoles,52
Aetrex,53
Affazy,54
Affinitas Intimates,55
Affliction,56
Aftco,57
Age Group,58
Ahaarya,59
Aimee Gowns,60
Akademiks,61
Alan Sloane,62
Alex Cannon,63
Alex Evenings,64
Alex Stevens,65
Alexander Del Rossa,66
Alexander Julian,67
Alfani,68
Alfred Dunner,69
Alia,70
Alice & Trixie,71
Alivila.Y Fashion,72
Alki'i,73
Allegra K,74
Allen Allen,75
Alpha Industries,76
Alpinestars,77
Altamont,78
Alternative,79
Always Sunny In Philadelphia,80
Amanda Uprichard,81
Amazing Apparel,82
Ambiguous,83
American Apparel,84
American Eagle,85
American Essentials,86
American Rag,87
Ames,88
Ames Walker,89
Amethyst Jeans,90
Amnesty International,91
Analog,92
Andrew Christian,93
Anemone,94
Angelina,95
Angelina Hosiery,96
Angry Birds,97
Animal Planet,98
AnimalShirtsUSA,99
Anita,100
Ann Michell,101
Ann West,102
Anna-Kaci,103
Annabelle,104
Annalee + Hope,105
Anne Klein,106
Annette,107
Antique Rivet,108
Antonio Ansaldi,109
Anvil,110
Apt 9,111
Aqua,112
Aqua Sphere,113
Aquapro,114
Arbor,115
Arc'teryx,116
Ardyss,117
Arena,118
Argenti,119
Arianne,120
Ariat,121
Aris A,122
Armada,123
Arnette,124
Artex,125
Artwedding,126
Aryn K,127
As U Wish,128
Ashworth,129
Assets,130
Athena,131
Atti Fashion,132
August Silk,133
Augusta,134
Austin Reed,135
Authentic Pigment,136
Avenged Sevenfold,137
Aventura,138
Avenue,139
Aviator,140
Aviators,141
Avital,142
AxParis,143
Axis,144
Ayurvastram,145
BANDOLINO,146
BANDOLINOBLU,147
BB,148
BB Dakota,149
BBC,150
BBW Boutique,151
BCBGMAXAZRIA,152
BCBGeneration,153
BERLE,154
BGSD,155
BH Medwear,156
BHPC By Miss London,157
BIG STAR,158
BIKINI LAB,159
BKE,160
BLOOMINGDALES,161
BOOB-EEZ,162
BOOTIGHTS,163
BOTANY 500,164
BUDSHOP,165
Baby Banz,166
Baby Be Mine,167
Bacci,168
Back to Nature,169
Badger,170
Bag Girls,171
Bailey,172
Bailey 44,173
Bajer,174
Bali,175
Ballin,176
Banana Republic,177
Bar III,178
Barbour,179
Barefoot Dreams,180
Barely There,181
Barracuda,182
Basic,183
Baskit,184
Bass,185
Bathrobes Online,186
Bauer,187
Bayside Apparel,188
Be Wicked,189
Beach Joy,190
Beach Rays,191
Bear Grylls,192
Beardski,193
Beauty Night,194
Beauty and the Beach Blue Label,195
Becca by Rebecca Virtue,196
BedHead,197
Belevation,198
Bella,199
Bella Materna,200
BellaBand,201
Bellfield,202
Belly Armor,203
Belly Bandit,204
Belts.com,205
BeltsandStuds,206
Ben Davis,207
Ben Sherman,208
Bench,209
Benny's,210
Berkshire,211
Besame,212
Betsey Johnson,213
Betty Boop,214
Beverly Hills Basics,215
Beyond Yoga,216
BiFlex Intimates Group,217
Bianca NygÃ¥rd,218
Big Feet Pajama Co,219
Big Feet Pajama Co.,220
Big and Tall Guys,221
Bigmansland,222
Bikinimo Swimwear,223
Bill Blass,224
Bill's Khakis,225
Billabong,226
Biography Wear,227
Bjorn Borg,228
Blac Label,229
Black Clover,230
Black Diamond,231
Black Fuchsia,232
Black Market-Lowbrow,233
Blarney Woollen Mills,234
Bleu Rod Beattie,235
Blink Product Design,236
Bloom's Outlet,237
Bloomingdale's,238
Blue Banana,239
Blue Juice,240
Blue Line,241
Blue Marlin,242
Blue Plate,243
Blue Platypus,244
Blue Q,245
Blue Sky Swimwear,246
Blue Star Inc,247
Blue Star Inc.,248
BluePrint,249
Bluefin USA,250
Boca,251
Boca Classics,252
Boconi,253
Body Glove,254
Body Language Fashions,255
Body Wrap,256
Body Wrappers,257
Bohn,258
Bolle,259
Bolzano,260
BonWorth,261
Boob,262
Booty Pop,263
Bordeaux,264
Borrelli,265
Bosca,266
Boston Industrial,267
Botany 500,268
Bottoms Out,269
Boulder Creek,270
Boutique 9,271
Boxercraft,272
Bra Discs,273
Brabag,274
Bradford Exchange,275
Brand Q,276
Brand Q Vest,277
Brandy Melville,278
Bravado,279
Bravado! Designs,280
Braveman,281
Braza,282
Breast is Best,283
BridalPetticoat,284
Bridgedale,285
Briefly Stated,286
Briggs,287
Bristols 6,288
Brixton,289
Broner,290
Brooks,291
Brookstone,292
Browning,293
Bslingerie,294
Buckle Down,295
Buckwear,296
Bud Light,297
Buffalo,298
Buffalo by David Bitton,299
Bullhead,300
Bump,301
Bundle Monster,302
Bungalow,303
Burlington Socks,304
Burnside,305
Burton,306
Buster Brown,307
Buxton,308
By The Sword Inc.,309
C-IN2,310
C-Panty,311
C. Luce,312
C.C. Exclusives,313
C1RCA,314
CANYON GUIDE,315
CARRAIG DONN KNITWEAR,316
CATAWBA,317
CB,318
CCV Inc,319
CEP,320
CEP Compression Socks,321
CINCH,322
CJ by Cookie Johnson,323
COCO,324
COLD PRUF,325
COLDMASTER,326
COOGI,327
COOL-JAMS WICKING SLEEPWEAR,328
CORDOVAN & GREY,329
CTM,330
CTR Specialties,331
CUA,332
CUTE OPTIONS,333
CW-X,334
Cactus Fashion,335
Calida,336
California Costumes,337
Call Of Duty,338
Callaway,339
Calvin Klein,340
Calvin Klein Jeans,341
Calvin Klein Performance,342
Cameo,343
Canada Goose,344
Canterbury of New Zealand,345
Canvas,346
Canyon Ridge,347
Capelli New York,348
Capezio,349
Caravelli,350
Cardi,351
Cardi International,352
Carhartt,353
Caribbean Joe,354
Carnival,355
Carol Wright Gifts,356
Carole Hochman,357
Carolina,358
Carolyn Forsman,359
Carrera,360
Carrie Amber,361
Carve Designs,362
Case IH,363
Cashmere Boutique,364
Cashmere HS,365
Cashmere Int,366
Cashmere Pashmina Group,367
Cashmere Selection,368
Casual Moments,369
Casual Socks,370
CasualMale,371
Caterpillar,372
Catherine Malandrino,373
Cecico Clothing,374
Cecilia de Rafael,375
Celebrity Pink,376
Celeste,377
Celina,378
Central Park,379
ChalkTalkSPORTS,380
Champion,381
Chances R,382
Chaos,383
Chaps,384
Charles River Apparel,385
Charter Club,386
Chasse,387
Chaus,388
Cheap Monday,389
Chelsea Studio,390
Chemisettes by Anne,391
Chestnut Hill,392
Chic Intimates,393
Chicastic,394
Christian Audigier,395
Christopher Fischer,396
Christopher Kelenc,397
Christopher Walken,398
Chyor,399
Cianni,400
Cinch,401
Cinderella,402
Cinema Etoile,403
Citizen,404
City Hunter,405
Civil Society,406
Classics By Palmland,407
Classroom Uniforms,408
Cleo,409
Clever,410
Cleverbrand,411
Cloris Murphy,412
ClosetOnline,413
Cloudveil,414
Club Room,415
Coach,416
Coal,417
Cocksox,418
Cocoon,419
Code V,420
Coffeeshop,421
Cohesive,422
Cole Haan,423
Collection XIIX,424
College Classics,425
Colorado Clothing,426
Colorado Timberline,427
Columbia,428
Comfort Choice,429
Comfort Colors,430
Comfort Zone,431
ComfortWear,432
Commando,433
Company 81,434
Comune,435
Concepts Touchscreen Gloves,436
Concitor,437
Condessa,438
Coobie,439
Cool-jams Wicking Sleepwear,440
Coolibar,441
Cooper Jones,442
Copper Cove,443
Coquette,444
Coral Bay,445
Corcini,446
CoreyLynnCalter,447
Cornerstone,448
Corona,449
Corset Story,450
Corset-story,451
CorsetDeal,452
Cosabella,453
Cosi,454
Cotton Glam,455
Coupe Collection,456
Cover Male,457
Cover Me,458
Cowboy Shop,459
Coyuchi,460
Cpanty,461
Craft,462
Crazeewear,463
Crazy Granny,464
Crazyheads,465
Croakies,466
Croft & Barrow,467
Croft & BarrowÂ®,468
Crooks & Castles,469
Crooks and Castles,470
Cruel Girl,471
Crystal Tees,472
Cubavera,473
Cuddl Duds,474
Cuffu Online,475
Curious Designs,476
Curve Appeal,477
Curvi,478
Custom '77,479
Cutter & Buck,480
D&G Dolce & Gabbana,481
D&Y,482
D.E.P.T.,483
DAVID Seeds,484
DB Life Dana Buchman,485
DC,486
DC Comics,487
DC Shoes,488
DECKY,489
DFDesigns,490
DG Eyewear,491
DGK,492
DKNY,493
DKNYC,494
DL1961,495
DPC/Scalar,496
DREAMS,497
DTA SECURED BY ROGUE STATUS,498
DTL Down The Line Sportswear Inc.,499
DV by Dolce Vita,500
Dakine,501
Dakota,502
Dakota Grizzly,503
Dallin Chase,504
Dan Post,505
Danbury,506
DandY,507
Daniel Buchler,508
Danny & Nicole,509
Danshuz,510
Danskin,511
Dapper World,512
Dare to Wear,513
Darn Tough,514
Dasha,515
Davco,516
David Kahn,517
David Lerner,518
David's Bridal,519
DeFeet,520
Dearfoams,521
Democracy,522
Dept Denim Department,523
Derek Rose,524
Design History,525
Design Salt,526
DesignSK,527
Desigual,528
Devon & Jones,529
Diabetic Care,530
Diamond Chain,531
Dickies,532
Dickies Girl,533
Diesel,534
Dimrs,535
Discovery Channel,536
Disney,537
District,538
District Made,539
District Threads,540
Diva,541
Dockers,542
Doctor Who,543
Dominique,544
Domo,545
Donald Seneca,546
Donna Di Capri,547
Donna Karan,548
Donna Morgan,549
Dopp,550
Dorfman Pacific,551
Dosh,552
Dr. Comfort,553
Dr. Rey Shapewear,554
Dr. Scholl's,555
Drawstrings,556
DreamSacks,557
Dreamgirl,558
Drymax Socks,559
Duck Commander,560
Dunbrooke,561
Duofold,562
EAGLE,563
ECCO,564
ECHO,565
ENDO Apparel,566
ERGO,567
ESPN,568
Ear Mitts,569
Earnest Sewn,570
East Essence,571
East of Maui Hawaiian Store,572
Easy Expression,573
Eberjey,574
Ecko Red,575
Ecko Unltd.,576
Ecoscapes,577
Ecosox,578
Ed Garments,579
Ed Hardy,580
Eddie Bauer,581
Edwards,582
Edwards Garment,583
Eel Skin,584
Eileen Fisher,585
Eileen West,586
Elan,587
Electric,588
Element,589
Eliana,590
Elie Tahari,591
Elila,592
Elixir,593
Eliza J,594
Ella Moss,595
Elle Macpherson Intimates,596
Ellen Tracy,597
Elomi,598
Elwood,599
Emporio Armani,600
English Laundry,601
Enjoi,602
Enro,603
Enyce,604
Escante,605
Escantee,606
Essential Apparel,607
Estee Lauder,608
Etnies,609
EuroBrand,610
Eurosock,611
Evan Picone,612
Evanese,613
Ever-Pretty,614
Everjune,615
Everlast,616
Everly Grey,617
Evolution by Cyrus,618
ExOfficio,619
Excell,620
Executive Dress Series,621
Exotic India,622
Exquisite Form,623
Extenders,624
Extra Wide Sock Company,625
Extreme 80s,626
Ezekiel,627
F.U.S.A.I,628
F.U.S.A.I.,629
F/X FUSION,630
FASH Limited,631
FASHION BOUTIQUE,632
FEA,633
FINIS,634
FITS Sock Company,635
FLATSEVEN,636
FMF,637
FOURSQUARE,638
FOXFIRE,639
FQH,640
FREEGUN,641
Faconnable,642
Faconnable Tailored Denim,643
FactoryExtreme,644
Fairway & Greene,645
Falcon Bay,646
Fame Fabrics,647
Family Guy,648
Famous Stars and Straps,649
Fancee Free,650
Fappac,651
Farah,652
Farr West,653
Fashion,654
Fashion Forms,655
Fashion Love,656
Fashion Victim,657
Feelmax,658
Feetures,659
Felina,660
Fennco,661
Ferretti,662
Fertile Mind,663
Fila,664
Filson,665
Finaday,666
Fine Fit,667
FineBrandShop,668
Firefly,669
Fisherman,670
Fishworks,671
Fit Couture,672
Fit2BMom,673
Fitness Etc.,674
Fitsok,675
Five Four,676
Flakisima,677
Fleur't,678
Flex-Zone,679
Flexees,680
Flexfit,681
Flint and Tinder USA,682
Flip,683
Florsheim,684
Fluff,685
Flyclothing,686
Flying Monkey Jeans,687
Flying Tomato,688
Folter,689
Foot Traffic,690
Foot Traffice,691
FootJoy,692
Football Fanatics,693
Footprint,694
Ford Motor Company,695
Forever Collectibles,696
Forrest Gump,697
Forum,698
Fossil,699
Fourstar,700
Fox,701
Fox Outdoor,702
Fox Racing,703
Fox River Socks,704
FoxRiver,705
Frank Dandy,706
Frankie B.,707
Fratelli Orsini,708
Fratelli Orsini Everyday,709
Fred Perry,710
Frederick's of Hollywood,711
Fredricks of Hollywood,712
Free Country,713
Free People,714
Freegun,715
French Connection,716
French Toast,717
Fresh Laundry,718
FreshGear AFX,719
Freya,720
Frogg Toggs,721
Frost Hats,722
Fruit of the Loom,723
Full Tilt,724
Fullness,725
Fun Boxer,726
Fun Boxers,727
Funfash,728
Funny Apparel,729
Funny Girl Designs,730
Fuzzdandy,731
Fyasko,732
G & S,733
G by GUESS,734
G&G,735
G-Star,736
GM,737
GST,738
GUESS,739
GUINNESS,740
Gabby Skye,741
Gaiam,742
Game Gear,743
Gary Majdell Sport,744
Gatta,745
Gem Avenue,746
Gemsli,747
Generra,748
Geoffrey Beene,749
Georgie,750
Gilbin,751
Gildan,752
Gilden Tree,753
Giorgio Cerruti,754
GirlPROPS,755
Girls4Sport,756
Givenchy,757
Glamorise,758
Glamourmom,759
Gloria Vanderbilt,760
Gloves Online,761
Go Gloves,762
GoLite,763
Goddess,764
Gold Hawk,765
Gold Toe,766
Golds Gym,767
Gongshow,768
Good Devil,769
Goodhew,770
Goorin Bros.,771
Gordini,772
Gore,773
Gotcha,774
Gottex,775
Gownies,776
Gracya,777
Grand River,778
Grandoe,779
Grane,780
Grass,781
Gravity,782
Greatlookz,783
Green 3 Apparel,784
Green Tea,785
Greg Norman,786
Gregg Homme,787
Grenade,788
Grenier,789
Greystone,790
Groovin',791
Guide Gear,792
Guinea,793
Guy Harvey,794
Gypsy 05,795
Gypsy Rose,796
H2W,797
HARVEYS,798
HDE,799
HEART SOUL,800
HKNB Heidi Klum for New Balance,801
HOBO,802
HOT,803
HOTmilk,804
HUE,805
HUF,806
HUGO BOSS,807
HYP,808
HZF,809
Haband,810
Haggar,811
Halsey,812
Handful,813
Handkerchief Heaven,814
Hanes,815
Hanky Panky,816
Hannah,817
Hanro,818
Happy Socks,819
Harbor Bay,820
Hard Tail,821
Harley-Davidson,822
Harmonie,823
Harriton,824
Harry Potter,825
Harvard Square,826
Hatley,827
Hats,828
Haute Hippie,829
Headchange,830
Headsweats,831
Heather,832
Heavenly Shapewear,833
Hee Grand,834
Hello Kitty,835
Helly Hansen,836
Henry Segal,837
Heritage,838
Hermanny by ViX,839
Hey Viv !,840
Hi-Tec,841
High Style,842
Hilary Radley,843
Hip,844
Hip Hop 50s Shop,845
HipSlimmer,846
Hocosa of Switzerland,847
Hollister,848
Holloway,849
Hollywood Star Fashion,850
HoodieBuddie,851
Hook & TackleÂ®,852
Hook and Tackle,853
Horny Toad,854
Hot Chillys,855
Hot Fash,856
Hot Sox,857
Hot Topic,858
Hot from Hollywood,859
House of Cheviot,860
Howe,861
Huafeng,862
Hudson,863
Huf,864
Hurley,865
Hydraulic,866
I-Pink,867
I-pink,868
ICECREAM,869
IG Clear Lens,870
IGIGI by Yuliya Raquel,871
INC International Concepts,872
INDERA THERMALS,873
ITC,874
IZOD,875
Ian Leino Design,876
Ibex,877
Ice,878
Icebreaker,879
Icon,880
Ike Behar,881
Ilitia,882
Illusion,883
Ilusion,884
Impact Fitness,885
Inches Off,886
Incrediwear,887
Independent,888
Independent Trading Co,889
Indera,890
Indera Mills,891
Indiana Jones,892
Indigo Rein,893
Ingrid & Isabel,894
Injinji,895
Insta Slim,896
Intimates,897
Intimates Boutique,898
Intimo,899
Intymen,900
Invisibelt,901
Irall,902
Iron Fist,903
Isaac Mizrahi Jeans,904
Isadora Pacini,905
Isis,906
Island Outfitters,907
Island Passport,908
Island Soul,909
Isotoner,910
Ivory Falcon,911
J America,912
J Hat,913
J Valdi,914
J. America,915
J.B. Icelandic (Extreme Cold Activity),916
J.C. Rags,917
JAG,918
JAG Jeans,919
JEM Shape,920
JM,921
JMS,922
JUMP,923
Jack,924
Jack Spade,925
Jackie's Boutique,926
Jackson,927
Jacob Alexander,928
Jacques Moret,929
Jake Joseph,930
James Jeans,931
Jantzen,932
Japanese Weekend,933
Jax,934
Jaxon,935
JeansXL,936
Jeanstar,937
Jedzebel,938
Jemcor,939
Jenni,940
Jerzees,941
Jess and Jane,942
Jessica Howard,943
Jessica London,944
Jessica Simpson,945
Jessie G.,946
Jet Lag,947
Jezebel,948
JiMarti,949
Jobar,950
Jockey,951
Joe Browns,952
Joe Snyder,953
Joe's,954
Joe's Jeans,955
Joes Jeans,956
John Ashford,957
John Deere,958
John Henry,959
John Sievers,960
Johnstons of Elgin,961
Joie,962
Jolie,963
Jolt,964
Jon & Anna,965
Jonathan Quale,966
Jones New York,967
Jordan,968
Joseph Abboud,969
Josie by Natori,970
Jostar,971
Jou Jou,972
Juicy Couture,973
Julbo,974
Jules & Jim,975
Julian Taylor,976
Julie France,977
July Women,978
Jumpin Jammerz,979
Junk Food,980
Just My Size,981
Just One,982
Just Sexy,983
JustNeonTees,984
K-Swiss,985
K. Alexander,986
K. Bell,987
KAMALIKULTURE,988
KAVU,989
KENTWOOL,990
KNOTHE CORP.,991
KNOTHE SPA,992
KR3W,993
KUT from the Kloth,994
KY INTERNATIONAL,995
Kahala,996
Kalon,997
Kangol,998
Kanu Surf,999
Karen Kane,1000
Karen Nueburger,1001
Kari's Fashion,1002
Kashwere,1003
Kashwere Comforts,1004
Kasper,1005
Kassatex,1006
Kate Spade,1007
Katnap,1008
Kavio,1009
Kawasaki,1010
Keds,1011
Keen,1012
Keep On Truckin' Apparel,1013
Kelly Nishimoto,1014
Kena Kai,1015
Kendall Drive,1016
Kenneth Cole,1017
Kenneth Cole New York,1018
Kenneth Cole REACTION,1019
Kensie,1020
Kerusso,1021
Key Industries,1022
Khakis & Co,1023
Kikit,1024
King Formal Wear,1025
King Fromal Wear,1026
KingSize,1027
Kings' Court,1028
Kipling,1029
Kirkland Signature,1030
Kirra,1031
Kiss,1032
Kiyonna,1033
Kleinert's,1034
Klondike Sterling,1035
Knightsbridge of Canada,1036
Knocker,1037
Knothe,1038
Koman,1039
Krazy,1040
Kristen Blake,1041
Ks,1042
Kuhl,1043
Kurochiku,1044
L'eggs,1045
L*Space,1046
L.A. Idol,1047
L.A. Idol Jeans,1048
LA IDOL,1049
LA Idol,1050
LANHUACAO,1051
LAT Sportswear,1052
LAmade,1053
LCW Men's,1054
LIJA,1055
LINCS DC & Co,1056
LLLI,1057
LNA,1058
LOCOMO Dresses,1059
LOCOMO Leggings,1060
LOCOMO Swimwear,1061
LOTUSTRADERS,1062
LRG,1063
LUXE By Lisa Vogel,1064
La Blanca,1065
La Fee Verte,1066
La Fiorentina,1067
La Leche League,1068
La Leche League International,1069
La Leche League International Intimates,1070
La Leche League Sports Nurising Bra White,1071
La Leela,1072
La Perla,1073
LabelShopper,1074
Lacoste,1075
Ladies First,1076
Lady Hathaway,1077
Lady Romance,1078
Laguna Beach Jean Company,1079
Lamaze,1080
Landisun,1081
Larry Levine,1082
Laura,1083
Lauren by Ralph Lauren,1084
Le Mystere,1085
Le Suit,1086
Leading Lady,1087
Leather in Chicago,1088
Lee,1089
Legend,1090
Legendary Apparel,1091
Legendary Whitetails,1092
LeggingsQueen,1093
Leisureland,1094
Leo & Nicole,1095
Leo's,1096
Leonardo Valenti,1097
Leonisa,1098
Lesuit,1099
Levante,1100
Level 33,1101
Level 99,1102
Levi's,1103
Levusha Fashions,1104
LibbySue,1105
Life Is Good,1106
Lilac Maternity,1107
Lilla P,1108
Lilly Pulitzer,1109
Lilo Maternity,1110
Lily White,1111
Lily of France,1112
Lilyette,1113
Lindy Bop,1114
Lingerie,1115
Lip Service,1116
Lipo in a Box,1117
LissKiss,1118
Little Adventures,1119
Liverpool,1120
Liverpool Jeans Company,1121
Living Dead Souls,1122
Lloyd Attree & Smith,1123
LnLClothing,1124
Lobers,1125
Locs,1126
Lodis,1127
London Fog,1128
London Times,1129
Longitude,1130
Longitude Swimwear,1131
LookbookStore,1132
Lord Daniel,1133
Lord Daniels,1134
Lorpen,1135
Lost,1136
Louis Raphael,1137
Louisville,1138
Lov to Sleep,1139
Lucky Brand,1140
Luli Fama,1141
Luxire Custom Clothing,1142
Luxury Divas,1143
Luxury Lane,1144
Luzy's Storage Place,1145
Lynn Ritchie,1146
Lysse,1147
Lysse Leggings,1148
Lytess,1149
M & F Western Products,1150
M. Stevens,1151
MANGO,1152
MARINO BAY,1153
MAXSTUDIO,1154
MCap,1155
MEK Denim,1156
METROPARK,1157
MG,1158
MICHAEL Michael Kors,1159
MJ Soffe,1160
MJC International,1161
MK underwear,1162
MM Collections,1163
MMG,1164
MR,1165
MTC,1166
MUK LUKS,1167
MW,1168
MW22,1169
Mac & Jac,1170
Machine Jeans,1171
Mad Engine,1172
Maggie's Organics,1173
Maggy London,1174
Magic,1175
Magic Suit,1176
MagicSuit,1177
Maglierie Di Perugia,1178
Maidenform,1179
Mainstream,1180
Majamas,1181
Majestic International,1182
Makia,1183
Malco Modes,1184
Manufactured for Boeing,1185
Manzella,1186
Maple Clothing,1187
Marc Ecko,1188
Marc Ecko Cut & Sew,1189
Marc New York by Andrew Marc,1190
Marcoliani Milano,1191
Maria Rosa,1192
MariaE,1193
Marina West,1194
Marithe Francois Girbaud,1195
Marmot,1196
Marrakech,1197
Marrikas,1198
Marshal,1199
Mary Green,1200
Mascot,1201
Match,1202
Maternal America,1203
Matix,1204
Matrix,1205
Maui Jim,1206
Maui and Sons,1207
Mavi,1208
McGinn,1209
Medela,1210
Medi,1211
Meister,1212
Melissa Odabash,1213
Members Only,1214
Mermaid Maternity,1215
Merrell,1216
Merry Modes,1217
Metal Mulisha,1218
MiH Jeans,1219
Michael Kors,1220
Michael Stars,1221
Micros,1222
Mikarose,1223
Mimi San,1224
Mina,1225
Minecraft,1226
Minnie Rose,1227
Minus33 Merino Wool,1228
Miraclebody,1229
Miraclesuit,1230
Mishka,1231
Miss Elaine,1232
Miss London,1233
Miss Me,1234
Miss Sixty,1235
Mitchell & Ness,1236
Mizuno,1237
Mod-O-Doc,1238
Moda Essentials,1239
Modadorn,1240
Modena,1241
Modern Culture,1242
Modus Vivendi,1243
Mommy Paradise,1244
Momo Maternity,1245
MontBell,1246
Montefino,1247
Monty Q,1248
MontyQ,1249
Moods of Norway,1250
Moon Dance,1251
Moon Shine Attitude Attire,1252
Moonar,1253
Morris Costumes,1254
Most Official Seven,1255
Motel,1256
Motherhood Maternity,1257
Mothers en Vogue,1258
Motony,1259
Mountain Hardwear,1260
Mountain Khakis,1261
Mountain Mama,1262
Moving Comfort,1263
Ms. Maggie,1264
Mud Pie,1265
Mundi,1266
Mundo Unico,1267
Munki Munki,1268
Munsingwear,1269
Mwak,1270
My Michelle,1271
My1stWish,1272
My1stwish,1273
MyEyeglassCase,1274
N-Fini,1275
N.G.U.,1276
N2N,1277
N2N Bodywear,1278
NBC Universal,1279
NEFF,1280
NEXT LEVEL,1281
NI9NE,1282
NLA,1283
NNW,1284
NOLLIA,1285
NOLLIE,1286
NOM,1287
NOTW,1288
NU by John G,1289
NYC FACTORY,1290
NYGiftStop Scarf,1291
NYfashion101,1292
NaNa,1293
Nanette Lepore,1294
Nantucket Brand,1295
Nasty Pig,1296
Nat Nast,1297
Natashas Cafe,1298
National,1299
Native Eyewear,1300
Natori,1301
Natural Gear,1302
Naturally by Derek Rose,1303
Nautica,1304
Necessary Evil,1305
Neil Allyn,1306
Neon Buddha,1307
New Balance,1308
Next Level,1309
Next Level Apparel,1310
Nice Shades,1311
Nicole Miller,1312
Night Shirt,1313
Nike,1314
Nine West,1315
Nintendo,1316
Nirvana,1317
Nittany Outlet,1318
Nizo Wear,1319
No Fear,1320
Noble Mount,1321
NoeMie,1322
Nollia,1323
Nomis,1324
North River,1325
Not Your Daughter's Jeans,1326
Notations,1327
NuBra,1328
Nursing Mamas,1329
NurtureWear,1330
Nvie Basics,1331
Nvie Designs,1332
Nyan Cat,1333
O'Neill,1334
OPSALES,1335
OURSURE.COM,1336
Oak Hill,1337
Oakley,1338
Obermeyer,1339
Obey,1340
Obviously,1341
Ocean Avenue,1342
Ocean Current,1343
Of the Moment,1344
Okutani,1345
Old Shanghai,1346
Olga,1347
Olian,1348
Omega,1349
Omit,1350
Omni-Wool,1351
On The Byas,1352
OnGossamer,1353
One Teaspoon,1354
Only Hearts,1355
Only Necessities,1356
Ooh La La,1357
Original Penguin,1358
Orvis,1359
Oscar de la Renta,1360
Osgoode Marley,1361
Ouran High School,1362
Ouray Sportswear,1363
Out Of Print,1364
Out of Print,1365
Outdoor Gear Inc,1366
Outdoor Life,1367
Outdoor Research,1368
Outerwears,1369
Overland Sheepskin Co,1370
Ozone,1371
P.J. Salvage,1372
PACT,1373
PAIGE,1374
PEZ Candy,1375
PGA Tour,1376
PJ Harlow,1377
PLATINUM INTIMATES,1378
PLATINUM SPORT,1379
PPU,1380
PUMA,1381
PURE STYLE Girlfriends,1382
PacSun,1383
Pacific Legend,1384
Pacific Legwear,1385
PacificPlex,1386
Paddi Murphy,1387
PajamaCity,1388
Palmetto Fundraising,1389
Palmland,1390
Pamela Mann Hosiery,1391
Panache,1392
Panda Apparel,1393
Panhandle Slim,1394
Paper Doll,1395
Paper Magic,1396
Papi,1397
Parfait,1398
Parfait by Affinitas,1399
Parke & Ronen,1400
Parkhurst,1401
Pashmina,1402
Pashminas4u,1403
Patagonia,1404
Patterson J. Kincaid,1405
Patty,1406
Paul Frank,1407
Paul Fredrick,1408
Paul Malone,1409
Paul Malone Vest,1410
Pearl iZUMi,1411
Peds,1412
Pencey,1413
Pencey Standard,1414
Pencey Standard Jessica Hart,1415
Pendleton,1416
Perry,1417
Perry Ellis,1418
Persol,1419
Peter NygÃ¥rd,1420
Pettipant,1421
Pikante,1422
Pink Lotus,1423
PinkClubwear,1424
Pistil,1425
Pistol Pete Underwear,1426
Pitbull,1427
Plan B,1428
Planet Earth,1429
Plastics Made in U.S.A.,1430
Playboy,1431
Players,1432
Playtex,1433
Plejue,1434
Plugg Jeans Co.,1435
Polar,1436
Polo Jeans Co.,1437
Polo Ralph Lauren,1438
Pony,1439
Pookies by DFDesigns,1440
Pop Fashionwear,1441
Popsi Lingerie,1442
Port,1443
Port & Company,1444
Port Authority,1445
Port Company,1446
Portal 2,1447
Postage,1448
Power Club,1449
PowerSox,1450
Pratt and Hart,1451
Preggers,1452
Prego,1453
Pretty Polly,1454
Prima Donna,1455
Princeton,1456
Private Island,1457
Private Label,1458
Profile,1459
Projeck Raw,1460
Prom21,1461
Prontomoda,1462
Propper,1463
Provocative,1464
Psycho Bunny,1465
Pull-in,1466
Pulse/Iceburg,1467
Purpura Erizo,1468
QLook,1469
QT,1470
Queen,1471
Quiksilver,1472
Quirinos,1473
RAB,1474
RAY&LI,1475
RED KAP,1476
RED LEDGE,1477
REWASH,1478
RJC,1479
ROGUE,1480
ROPA VOGA,1481
RSQ,1482
RVCA,1483
RYBA GENERAL MERCHANDISE,1484
Rafaella,1485
Ragged Ends,1486
Rago,1487
Rainbow,1488
Ralph Lauren,1489
Ralph by Ralph Lauren,1490
Rampage,1491
Rapid Dominance,1492
Rasta/NYE,1493
Rated M,1494
Rawlings,1495
Ray-Ban,1496
Ray-Ban Junior,1497
Realtree,1498
Rebecca Minkoff,1499
Rebel8,1500
Red Blossom,1501
Red Dot,1502
Red Engine,1503
Red Kap,1504
Reebok,1505
Reef,1506
Rene Rofe,1507
Request,1508
Resorts Plus,1509
Retrofit,1510
Revolt Jeans,1511
Reward,1512
Reyn Spooner,1513
Rhonda Shear,1514
Rich & Skinny,1515
Richer Poorer,1516
Ride,1517
Rimann & Associates,1518
Rip Curl,1519
Ripe Maternity,1520
Rival,1521
River Road,1522
Rivers' End,1523
Rivet De Cru Jeans,1524
Roamans,1525
Roar,1526
Robbi & Nikki,1527
Robert Graham,1528
Robert Rodriguez,1529
Robin Piccone,1530
Rocawear,1531
Rock & Republic,1532
Rock Face,1533
Rock Revival,1534
Rockport,1535
Rocky,1536
Rodd & Gunn,1537
Rolf's,1538
Roma Costume,1539
Romance,1540
Rombo,1541
Romeo & Juliet Couture,1542
Rompers and Jumpsuits HS,1543
Rory Beca,1544
Rosa Faia by Anita,1545
Rounderbum,1546
Roxy,1547
Royal,1548
Royal Robbins,1549
Royal Silk,1550
Royce Leather,1551
Rudsak,1552
Rufskin,1553
Runway,1554
Russell Athletic,1555
Rusty,1556
SEX NIGHT,1557
SGG,1558
SHARKK,1559
SILK COUTURE,1560
SK Hat shop,1561
SNUG,1562
SOLOW,1563
SPURR,1564
SPY,1565
STATE O MAINE,1566
STY,1567
STYLE,1568
SY,1569
SZ,1570
Sabree,1571
Saddleback Leather Co.,1572
Safe-T-Gard,1573
Sag Harbor,1574
Sakkas,1575
Salomon,1576
Salt Life,1577
Saltaire,1578
Sam & Lavi,1579
Samanthas Style Shoppe,1580
San Diego Hat Company,1581
SanMar,1582
Sanctuary,1583
Sassy,1584
Sassybax,1585
Saucony,1586
Savane,1587
Saxx,1588
Scala,1589
Scarf_tradinginc,1590
Scarfand,1591
Schaefer Outfitters,1592
Scooby Doo,1593
Scotch & Soda,1594
Scott James,1595
Scottevest,1596
Seafolly,1597
Seal Skinz,1598
Sealed with a Kiss Designs Plus Size,1599
Sean John,1600
Secret Lace,1601
See Thru Soul,1602
Seirus Innovation,1603
Selena Gomez,1604
Selini NY,1605
Sentiments,1606
Seraphine,1607
Serenada,1608
Serenity,1609
Serfontaine,1610
Seven Til Midnight,1611
Seven7,1612
Sexy You Can Do,1613
Shadowline,1614
Shagwear,1615
Shaper Corset,1616
Sharon Max,1617
Shaynecoat,1618
Sheer Delights,1619
Shephe,1620
Sheridyn Swim,1621
Shirt City,1622
Shirt Me Up,1623
Shirt.Woot,1624
Shock Absorber,1625
Shoe Hotline,1626
Shoshanna,1627
Sierra Designs,1628
Silly yogi,1629
Silver Edition,1630
Silver Jeans,1631
SilverHooks,1632
Silverado,1633
Simms,1634
Simple,1635
Sirisha,1636
Siwy,1637
Skechers,1638
Skedouche,1639
Skelapparel,1640
SkidDERS,1641
Skinnygirl,1642
Skins,1643
Skirt Sports,1644
Sleepshirt,1645
Sleepyeads,1646
Sleepyheads,1647
SleepytimePjs,1648
Slicon Bra,1649
Slim Me,1650
Slim N Lift,1651
SlimMe,1652
Slimming Tees,1653
SmartTuxedo,1654
SmartWool,1655
Smith,1656
Smith Optics,1657
Snoozies,1658
So So Happy,1659
So Wear it declare it,1660
So-So Happy,1661
Social Collision,1662
Sock Company,1663
Sock It To Me,1664
SockGuy,1665
Socksmith,1666
Sofia by Vix,1667
Sofie,1668
Soft Ones,1669
Soft Touch Linen,1670
Soft-Fit,1671
Softies by Paddi Murphy,1672
Softwear,1673
Soho Girls,1674
Solid Color,1675
Solmate Socks,1676
Solutions That Stick,1677
Sons Of Anarchy,1678
Sons of Anarchy,1679
Sophie b.,1680
Sosi B.,1681
Southpole,1682
Sox Shop,1683
Soxnet,1684
Soybu,1685
Spa & Resort,1686
Spa & Resort Inc.,1687
Spacific Essentials,1688
Spalding,1689
Spanx,1690
Special Blend,1691
Speedo,1692
Spicy Spot,1693
Spiewak,1694
Splendid,1695
SpongeBob SquarePants,1696
Sport-Tek,1697
SportHill,1698
Sports Katz,1699
Spreadshirt,1700
Spree,1701
Spring & Mercer,1702
Spring+Mercer,1703
Spyder,1704
Squeem Magical Lingerie,1705
Stacy Adams,1706
Stan Herman,1707
Stance,1708
Stand Stewart,1709
Standard Supply,1710
Star Ride,1711
Star Vixen,1712
State O Maine,1713
Stella,1714
Stella & Jamie,1715
Stella Elyse,1716
Stetson,1717
Steve & Barrys,1718
Steve Madden,1719
Steve and Barrys,1720
Stohlquist,1721
Stone Touch,1722
Stormtech,1723
Stormy Kromer,1724
Storus Corporation,1725
Style & Co.,1726
Styles For Less,1727
Sub Sports,1728
Subculture,1729
Sucette Rose,1730
Sugar Free Sox,1731
Sugarlips,1732
Sugoi,1733
Suit Studio,1734
Sullen,1735
Suncloud,1736
Sunner,1737
Sunset,1738
Sunsets,1739
Superdry,1740
Superman,1741
Surfside,1742
Sutton Studio,1743
Suzi Chin,1744
Swan,1745
Sweatsedo,1746
Sweet,1747
Sweet Dreams Maternity Wear,1748
Sweet Mommy,1749
Sweet Pea,1750
Sweetheart Slips,1751
Swiftwick,1752
Swill,1753
Swim 365,1754
Swim Stat,1755
Swim Station,1756
Swim Systems,1757
Switchblade Stiletto,1758
SwypeGloves,1759
Symphony Designs,1760
Sympli,1761
T Party,1762
TAIGA,1763
TAXI Wallet,1764
TC Fine Intimates,1765
TEXTILE Elizabeth and James,1766
TLB,1767
TREASURE ROCK,1768
TRUKFIT,1769
TRUNKS,1770
TS Swim,1771
TUMI,1772
TVTimeDirect,1773
TYR,1774
Tabbisocks,1775
Tabi Socks,1776
Tadashi Shoji,1777
Tahari,1778
Taillissime,1779
Talitania,1780
Talitnia,1781
Tallia,1782
TapouT,1783
Tapp Collections,1784
Tart,1785
Tasso Elba,1786
Taylor,1787
Tea Collection,1788
Teal Cove,1789
Team,1790
Ted Baker,1791
Teeki,1792
Teez-Her,1793
Teko,1794
Telegraph Hill Luxury Spa Robe,1795
Tempco,1796
Terramar,1797
Testament,1798
ThatsRad,1799
The Beach Depot,1800
The Best Dressed,1801
The Big Bang Theory,1802
The Bracli BoutiqueÂ®,1803
The Brag Company,1804
The Cat's Pajamas,1805
The Hong Kong Silk Co.,1806
The Hunger Games,1807
The Irish Linen Store,1808
The Little Alpaca's House,1809
The Natural,1810
The North Face,1811
The Pajamagram Company,1812
The Posh Contessa,1813
The SAK,1814
The Saress,1815
The Savile Row Company,1816
The TeaRoom,1817
The West Coast,1818
TheLees,1819
TheTieBar,1820
Theory,1821
Therafirm,1822
Thorlo,1823
Threads4Thought,1824
Three Dots,1825
Three Seasons Maternity,1826
Throwdown,1827
Throwdown by Affliction,1828
Thug or Angel,1829
Tiana B,1830
Tie-Dyed,1831
Ties.com,1832
Tiger Milly,1833
Tilley,1834
Timberland,1835
Timeteo,1836
Timoteo,1837
Timpa,1838
Tipsy Elves,1839
Title Boxing,1840
Toddland,1841
ToeSox,1842
Toes on the Nose,1843
Tok Tok Designs,1844
Tokidoki,1845
Tokyo Five Brand,1846
Tolani,1847
Tommy Bahama,1848
Tommy Hilfiger,1849
Toni Top,1850
Top Quality Products,1851
TopHeadwear,1852
TopTie,1853
Tops and Bottoms HS,1854
Torrid,1855
Tory Burch,1856
Totes,1857
Touch of Europe Capris,1858
Touch of Europe Flannel Pants,1859
Touch of Europe Shirts & Tops,1860
Toy Machine,1861
TractionSocks,1862
Tracy Reese,1863
Trafalgar,1864
TrailHeads,1865
Trasparenze,1866
TravelSox,1867
TrendsBlue,1868
Trendy Top,1869
Trenway Textiles,1870
Tresics,1871
Tri-Mountain,1872
Tribal,1873
Trienawear Skirts,1874
Trina Turk,1875
Tripp NYC,1876
Trixxi,1877
Tru-Spec,1878
True Grit,1879
True Nation,1880
True Religion,1881
True Rock,1882
Trukfit,1883
Trump,1884
Tuga,1885
Tultex,1886
Turkishtowels,1887
Turtle Fur,1888
Tuxedo Park,1889
Twisted Heart,1890
Two Dog Island,1891
Tyte,1892
U.S. Polo Assn.,1893
ULTRAFINO PANAMA HAT,1894
UNIONBAY,1895
UR,1896
US Fairytailes,1897
UjENA,1898
Ulla Popken,1899
UltraClub,1900
Undefeated,1901
Under Armour,1902
Under Moments,1903
Under Two Flags,1904
UnderFit,1905
Underboss/ Undergirl,1906
Underglam,1907
Underworks,1908
UniformTux,1909
Union,1910
Union Jeans,1911
United Face,1912
Universal Textiles,1913
Up2date Fashion,1914
Urban Boundaries Eyewear,1915
V Fraas,1916
VA VA VOOM,1917
VANCL,1918
VH Apparel - All Mixed Up,1919
VH Apparel - Whatever It Takes Charity,1920
VILEBREQUIN,1921
VIP,1922
VIP BOUTIQUE,1923
VIP FASHION,1924
VIVILLI,1925
VX Intimate Inc,1926
Va Bien,1927
Valmont,1928
Valor,1929
Van Heusen,1930
Vanity Fair,1931
Vans,1932
Varsity,1933
Vedette,1934
Vedette Shapewear,1935
Velrose,1936
Velvet,1937
Venom,1938
Vera Bradley,1939
Vera Want,1940
Versace,1941
ViX,1942
Via Spiga,1943
Victorian Heart Co. Inc.,1944
Victorinox,1945
Vigaro,1946
Vigoss,1947
Vince,1948
Vince Camuto,1949
Vine Branch,1950
Vintage,1951
Vitalsox,1952
Vitamin A,1953
Vivian's Fashions,1954
Vivienne Westwood,1955
Vobaga,1956
Volcom,1957
VonZipper,1958
VooDoo Tactical,1959
Vx Intimate Inc,1960
WARMEN,1961
WESC,1962
WILLIAM POWERS,1963
WMU,1964
Wacoal,1965
Walking Dead,1966
Wallflower,1967
Walls,1968
Warm Things,1969
Warner's,1970
Warrior,1971
Wayfarers,1972
Wayfayrer,1973
Wear Leg Warmers,1974
Wearables,1975
Weatherproof,1976
Weekender,1977
WeekenderÂ®,1978
Wembley,1979
West End,1980
Weston Wear,1981
What Goes Around Comes Around,1982
What Katie Did,1983
White Mt.,1984
White Orchid,1985
White Sierra,1986
Wickers,1987
Wigwam,1988
Wilda,1989
Wildfox Couture,1990
William Rast,1991
Williams Cashmere,1992
Williamson,1993
Willow & Clay,1994
Wilt,1995
WinnieFashion,1996
Wise Guy Productions,1997
Wolfmark,1998
Wolverine,1999
Womama,2000
Woman Within,2001
WonderWink,2002
Wonderbra,2003
Woodleigh,2004
Wool Overs,2005
Woolrich,2006
World Industries,2007
World's Softest,2008
Worlds Softest Sock,2009
Worn Jeans,2010
Wrangler,2011
Wrapper,2012
Wrightsock,2013
Wurkin,2014
Wurkin Stiffs,2015
Wurl,2016
Wyoming West Designs Llc,2017
X-Gear,2018
X-Socks,2019
XCVI,2020
XOXO,2021
Xfy,2022
Xtreme Couture,2023
Y&G,2024
YAGO,2025
YMI,2026
Yala,2027
Yala Designs,2028
Yelete,2029
Yimei,2030
Ymid Select,2031
Yoana Baraschi,2032
YogaColors,2033
You! Lingerie,2034
Yourtack,2035
Yukon,2036
Yummie Tummie,2037
ZOO YORK,2038
Zanerobe,2039
Zenana,2040
Zeniche,2041
Zero Restriction,2042
ZeroGravitee,2043
ZeroXposur,2044
Zimmerli of Switzerland,2045
Zobha,2046
Zonal,2047
Zoot,2048
Zorrel,2049
Zulu LAX,2050
Zumba Fitness,2051
[BLANKNYC],2052
adidas,2053
aler,2054
alight,2055
alo Sport,2056
ascension,2057
b.tempt'd by Wacoal,2058
bSoft,2059
bebe,2060
blank apparel,2061
boxed-gifts,2062
deLux,2063
dollhouse,2064
e.g. smith,2065
e.vil,2066
eVogues Apparel,2067
econscious,2068
eloquii,2069
iCollection Lingerie,2070
icebreaker,2071
ililily,2072
laundry by SHELLI SEGAL,2073
likemary,2074
marshal,2075
maxandcleo,2076
mens cotton mix argyle socks,2077
necessary objects,2078
pennylanegifts,2079
point6,2080
prAna,2081
robesale,2082
stonepowerss,2083
tabbisocks,2084
tasc Performance,2085
turkishtowels,2086
vip boutique,2087
